insert into kunden values(10,'Klaus','Mustermann','Berliner Tor 7','20099','Hamburg');
insert into kunden values(11,'Anke','Kraft','Berliner Tor 5','20099','Hamburg');
insert into kunden values(12,'Olaf','Meier','Bremer Landstraße','21680','Stade');
insert into kunden values(13,'Jakob','Schmidt','Berner Heerweg 13','20098','Hamburg');
insert into kunden values(14,'Elke','Bremer','Berliner Tor 21','20099','Hamburg');
insert into kunden values(15,'Klaus','Kunstmann','Berliner Tor 11','20099','Hamburg');
insert into kunden values(16,'Julia','Juergens','Stadtbruecke 7','21680','Stade');
insert into kunden values(17,'Andreas','Schmitt','Berstrasse 7a','21680','Stade');
insert into kunden values(18,'Andreas','Bremer','Holtenauer Allee 4','24123','Kiel');
insert into kunden values(19,'Klaus','Abraham','Schloss 56','24123','Kiel');
insert into kunden values(20,'Katharina','Klein','Laboer Landweg 145','24123','Kiel');

Insert into ACF040.VERKAEUFER (NAME,FILIALE,GEBURTSTAG,WOHNORT) values ('Carlo','A',to_date('06.03.90','DD.MM.RR'),'Hamburg');
Insert into ACF040.VERKAEUFER (NAME,FILIALE,GEBURTSTAG,WOHNORT) values ('Julia','B',to_date('17.10.82','DD.MM.RR'),'Kiel');
Insert into ACF040.VERKAEUFER (NAME,FILIALE,GEBURTSTAG,WOHNORT) values ('Felix','B',to_date('30.11.88','DD.MM.RR'),'Eutin');
Insert into ACF040.VERKAEUFER (NAME,FILIALE,GEBURTSTAG,WOHNORT) values ('Katharina','A',to_date('19.04.88','DD.MM.RR'),'Ahrensburg');

INSERT INTO TEMPABSATZ (FILIALE, DATUM, UHRZEIT, ARTIKEL, ANZAHL, PREIS, VERKAEUFER, KUNDE) VALUES ('B',to_date('1.9.2012', 'DD.MM.RR'),'9:10',2001,1,209949,'Felix',NULL);
--Zeile 24
INSERT INTO TEMPABSATZ (FILIALE, DATUM, UHRZEIT, ARTIKEL, ANZAHL, PREIS, VERKAEUFER, KUNDE) VALUES ('B',to_date('1.9.2012', 'DD.MM.RR'),'9:11',2007,1,249,'Felix',NULL);
--Zeile 25
INSERT INTO TEMPABSATZ (FILIALE, DATUM, UHRZEIT, ARTIKEL, ANZAHL, PREIS, VERKAEUFER, KUNDE) VALUES ('B',to_date('1.9.2012', 'DD.MM.RR'),'9:20',2147,1,249,'Felix',NULL);
--Zeile 26
INSERT INTO TEMPABSATZ (FILIALE, DATUM, UHRZEIT, ARTIKEL, ANZAHL, PREIS, VERKAEUFER, KUNDE) VALUES ('B',to_date('1.9.2012', 'DD.MM.RR'),'9:20',2147,1,249,'Felix',NULL);
--Zeile 27
INSERT INTO TEMPABSATZ (FILIALE, DATUM, UHRZEIT, ARTIKEL, ANZAHL, PREIS, VERKAEUFER, KUNDE) VALUES ('B',to_date('1.9.2012', 'DD.MM.RR'),'9:20',2147,1,249,'Felix',NULL);
--Zeile 28
INSERT INTO TEMPABSATZ (FILIALE, DATUM, UHRZEIT, ARTIKEL, ANZAHL, PREIS, VERKAEUFER, KUNDE) VALUES ('B',to_date('1.9.2012', 'DD.MM.RR'),'10:20',2147,1,249,'Felix',NULL);
--Zeile 29
INSERT INTO TEMPABSATZ (FILIALE, DATUM, UHRZEIT, ARTIKEL, ANZAHL, PREIS, VERKAEUFER, KUNDE) VALUES ('A',to_date('1.9.2012', 'DD.MM.RR'),'10:21',1,1,999,'Carlo',NULL);
--Zeile 30
INSERT INTO TEMPABSATZ (FILIALE, DATUM, UHRZEIT, ARTIKEL, ANZAHL, PREIS, VERKAEUFER, KUNDE) VALUES ('A',to_date('1.9.2012', 'DD.MM.RR'),'10:21',2001,5,999,'Carlo',NULL);
--Zeile 31
INSERT INTO TEMPABSATZ (FILIALE, DATUM, UHRZEIT, ARTIKEL, ANZAHL, PREIS, VERKAEUFER, KUNDE) VALUES ('A',to_date('1.9.2012', 'DD.MM.RR'),'10:21',2001,5,149,'Carlo',NULL);
--Zeile 32
INSERT INTO TEMPABSATZ (FILIALE, DATUM, UHRZEIT, ARTIKEL, ANZAHL, PREIS, VERKAEUFER, KUNDE) VALUES ('B',to_date('2.9.2012', 'DD.MM.RR'),'10:12',1,1,999,'Felix',17);
--Zeile 33
INSERT INTO TEMPABSATZ (FILIALE, DATUM, UHRZEIT, ARTIKEL, ANZAHL, PREIS, VERKAEUFER, KUNDE) VALUES ('B',to_date('2.9.2012', 'DD.MM.RR'),'10:12',4001,2,199,'Felix',17);
--Zeile 34
INSERT INTO TEMPABSATZ (FILIALE, DATUM, UHRZEIT, ARTIKEL, ANZAHL, PREIS, VERKAEUFER, KUNDE) VALUES ('B',to_date('2.9.2012', 'DD.MM.RR'),'10:12',2147,5,629,'Felix',17);
--Zeile 35
INSERT INTO TEMPABSATZ (FILIALE, DATUM, UHRZEIT, ARTIKEL, ANZAHL, PREIS, VERKAEUFER, KUNDE) VALUES ('A',to_date('2.9.2012', 'DD.MM.RR'),'8:10',1,1,999,'Carlo',1);
--Zeile 36
INSERT INTO TEMPABSATZ (FILIALE, DATUM, UHRZEIT, ARTIKEL, ANZAHL, PREIS, VERKAEUFER, KUNDE) VALUES ('A',to_date('2.9.2012', 'DD.MM.RR'),'8:10',2001,5,149,'Carlo',1);
--Zeile 37
INSERT INTO TEMPABSATZ (FILIALE, DATUM, UHRZEIT, ARTIKEL, ANZAHL, PREIS, VERKAEUFER, KUNDE) VALUES ('A',to_date('2.9.2112', 'DD.MM.RR'),'8:11',2007,5,249,'Carlo',1);
--Zeile 38
INSERT INTO TEMPABSATZ (FILIALE, DATUM, UHRZEIT, ARTIKEL, ANZAHL, PREIS, VERKAEUFER, KUNDE) VALUES ('A',to_date('2.9.2012', 'DD.MM.RR'),'8:11',4001,1,149,'Carlo',1);
--Zeile 39
INSERT INTO TEMPABSATZ (FILIALE, DATUM, UHRZEIT, ARTIKEL, ANZAHL, PREIS, VERKAEUFER, KUNDE) VALUES ('A',to_date('2.9.2012', 'DD.MM.RR'),'8:12',1,1,999,'Carlo',13);
--Zeile 40
INSERT INTO TEMPABSATZ (FILIALE, DATUM, UHRZEIT, ARTIKEL, ANZAHL, PREIS, VERKAEUFER, KUNDE) VALUES ('A',to_date('2.9.2012', 'DD.MM.RR'),'8:12',4001,5,199,'Carlo',13);
--Zeile 41
INSERT INTO TEMPABSATZ (FILIALE, DATUM, UHRZEIT, ARTIKEL, ANZAHL, PREIS, VERKAEUFER, KUNDE) VALUES ('A',to_date('2.9.2012', 'DD.MM.RR'),'8:12',2147,5,649,'Carlo',13);
--Zeile 42
INSERT INTO TEMPABSATZ (FILIALE, DATUM, UHRZEIT, ARTIKEL, ANZAHL, PREIS, VERKAEUFER, KUNDE) VALUES ('A',to_date('2.9.2012', 'DD.MM.RR'),'8:12',4001,1,149,'Carlo',13);
--Zeile 43
INSERT INTO TEMPABSATZ (FILIALE, DATUM, UHRZEIT, ARTIKEL, ANZAHL, PREIS, VERKAEUFER, KUNDE) VALUES ('A',to_date('2.9.2012', 'DD.MM.RR'),'8:21',4001,2,199,'Katharina',14);
--Zeile 44
INSERT INTO TEMPABSATZ (FILIALE, DATUM, UHRZEIT, ARTIKEL, ANZAHL, PREIS, VERKAEUFER, KUNDE) VALUES ('A',to_date('2.9.2012', 'DD.MM.RR'),'13:10',1,1,399,'Carlo',NULL);
--Zeile 45
INSERT INTO TEMPABSATZ (FILIALE, DATUM, UHRZEIT, ARTIKEL, ANZAHL, PREIS, VERKAEUFER, KUNDE) VALUES ('A',to_date('2.9.2012', 'DD.MM.RR'),'13:10',2001,5,149,'Carlo',NULL);
--Zeile 46
INSERT INTO TEMPABSATZ (FILIALE, DATUM, UHRZEIT, ARTIKEL, ANZAHL, PREIS, VERKAEUFER, KUNDE) VALUES ('A',to_date('2.9.2012', 'DD.MM.RR'),'13:11',2007,5,249,'Carlo',12);
--Zeile 47
INSERT INTO TEMPABSATZ (FILIALE, DATUM, UHRZEIT, ARTIKEL, ANZAHL, PREIS, VERKAEUFER, KUNDE) VALUES ('B',to_date('2.9.2012', 'DD.MM.RR'),'13:10',7,1,999,'Felix',11);
--Zeile 48
INSERT INTO TEMPABSATZ (FILIALE, DATUM, UHRZEIT, ARTIKEL, ANZAHL, PREIS, VERKAEUFER, KUNDE) VALUES ('B',to_date('2.9.2012', 'DD.MM.RR'),'13:10',2001,2,149,'Felix',11);
--Zeile 49
INSERT INTO TEMPABSATZ (FILIALE, DATUM, UHRZEIT, ARTIKEL, ANZAHL, PREIS, VERKAEUFER, KUNDE) VALUES ('B',to_date('2.9.2012', 'DD.MM.RR'),'13:11',2007,5,239,'Felix',11);
--Zeile 50
INSERT INTO TEMPABSATZ (FILIALE, DATUM, UHRZEIT, ARTIKEL, ANZAHL, PREIS, VERKAEUFER, KUNDE) VALUES ('B',to_date('2.9.2012', 'DD.MM.RR'),'14:11',4001,1,159,'Felix',11);
--Zeile 51
INSERT INTO TEMPABSATZ (FILIALE, DATUM, UHRZEIT, ARTIKEL, ANZAHL, PREIS, VERKAEUFER, KUNDE) VALUES ('B',to_date('3.9.2012', 'DD.MM.RR'),'8:12',1,1,999,'Felix',13);
--Zeile 52
INSERT INTO TEMPABSATZ (FILIALE, DATUM, UHRZEIT, ARTIKEL, ANZAHL, PREIS, VERKAEUFER, KUNDE) VALUES ('B',to_date('3.9.2012', 'DD.MM.RR'),'8:12',4001,5,199,'Felix',13);
--Zeile 53
INSERT INTO TEMPABSATZ (FILIALE, DATUM, UHRZEIT, ARTIKEL, ANZAHL, PREIS, VERKAEUFER, KUNDE) VALUES ('B',to_date('3.9.2012', 'DD.MM.RR'),'8:12',2147,5,649,'Felix',13);
--Zeile 54
INSERT INTO TEMPABSATZ (FILIALE, DATUM, UHRZEIT, ARTIKEL, ANZAHL, PREIS, VERKAEUFER, KUNDE) VALUES ('B',to_date('3.9.2012', 'DD.MM.RR'),'8:12',4001,1,149,'Felix',13);
--Zeile 55
INSERT INTO TEMPABSATZ (FILIALE, DATUM, UHRZEIT, ARTIKEL, ANZAHL, PREIS, VERKAEUFER, KUNDE) VALUES ('B',to_date('3.9.2012', 'DD.MM.RR'),'8:21',4001,2,199,'Felix',14);
--Zeile 56
INSERT INTO TEMPABSATZ (FILIALE, DATUM, UHRZEIT, ARTIKEL, ANZAHL, PREIS, VERKAEUFER, KUNDE) VALUES ('B',to_date('3.9.2012', 'DD.MM.RR'),'9:10',2,1,399,'Felix',NULL);
--Zeile 57
INSERT INTO TEMPABSATZ (FILIALE, DATUM, UHRZEIT, ARTIKEL, ANZAHL, PREIS, VERKAEUFER, KUNDE) VALUES ('B',to_date('3.9.2012', 'DD.MM.RR'),'9:10',2001,1,149,'Felix',NULL);
--Zeile 58
INSERT INTO TEMPABSATZ (FILIALE, DATUM, UHRZEIT, ARTIKEL, ANZAHL, PREIS, VERKAEUFER, KUNDE) VALUES ('B',to_date('3.9.2012', 'DD.MM.RR'),'9:11',2007,1,249,'Felix',NULL);
--Zeile 59
INSERT INTO TEMPABSATZ (FILIALE, DATUM, UHRZEIT, ARTIKEL, ANZAHL, PREIS, VERKAEUFER, KUNDE) VALUES ('B',to_date('3.9.2012', 'DD.MM.RR'),'9:20',2147,1,249,'Felix',NULL);
--Zeile 60
INSERT INTO TEMPABSATZ (FILIALE, DATUM, UHRZEIT, ARTIKEL, ANZAHL, PREIS, VERKAEUFER, KUNDE) VALUES ('B',to_date('3.9.2012', 'DD.MM.RR'),'9:20',2147,1,249,'Felix',NULL);
--Zeile 61
INSERT INTO TEMPABSATZ (FILIALE, DATUM, UHRZEIT, ARTIKEL, ANZAHL, PREIS, VERKAEUFER, KUNDE) VALUES ('B',to_date('3.9.2012', 'DD.MM.RR'),'9:20',2148,1,249,'Felix',NULL);
--Zeile 62
INSERT INTO TEMPABSATZ (FILIALE, DATUM, UHRZEIT, ARTIKEL, ANZAHL, PREIS, VERKAEUFER, KUNDE) VALUES ('B',to_date('3.9.2012', 'DD.MM.RR'),'10:20',2147,1,249,'Felix',NULL);
--Zeile 63
INSERT INTO TEMPABSATZ (FILIALE, DATUM, UHRZEIT, ARTIKEL, ANZAHL, PREIS, VERKAEUFER, KUNDE) VALUES ('A',to_date('3.9.2012', 'DD.MM.RR'),'10:21',1,1,999,'Carlo',NULL);
--Zeile 64
INSERT INTO TEMPABSATZ (FILIALE, DATUM, UHRZEIT, ARTIKEL, ANZAHL, PREIS, VERKAEUFER, KUNDE) VALUES ('A',to_date('3.9.2012', 'DD.MM.RR'),'10:21',2001,5,149,'Carlo',NULL);
--Zeile 65
INSERT INTO TEMPABSATZ (FILIALE, DATUM, UHRZEIT, ARTIKEL, ANZAHL, PREIS, VERKAEUFER, KUNDE) VALUES ('A',to_date('3.9.2012', 'DD.MM.RR'),'10:21',2001,5,149,'Carlo',NULL);
--Zeile 66
INSERT INTO TEMPABSATZ (FILIALE, DATUM, UHRZEIT, ARTIKEL, ANZAHL, PREIS, VERKAEUFER, KUNDE) VALUES ('B',to_date('3.9.2012', 'DD.MM.RR'),'10:12',1,1,999,'Felix',13);
--Zeile 67
INSERT INTO TEMPABSATZ (FILIALE, DATUM, UHRZEIT, ARTIKEL, ANZAHL, PREIS, VERKAEUFER, KUNDE) VALUES ('B',to_date('3.9.2012', 'DD.MM.RR'),'10:12',4001,2,199,'Felix',13);
--Zeile 68
INSERT INTO TEMPABSATZ (FILIALE, DATUM, UHRZEIT, ARTIKEL, ANZAHL, PREIS, VERKAEUFER, KUNDE) VALUES ('B',to_date('3.9.2012', 'DD.MM.RR'),'10:12',2147,2,629,'Felix',13);
--Zeile 69
INSERT INTO TEMPABSATZ (FILIALE, DATUM, UHRZEIT, ARTIKEL, ANZAHL, PREIS, VERKAEUFER, KUNDE) VALUES ('A',to_date('3.9.2012', 'DD.MM.RR'),'11:10',1,1,999,'Carlo',11);
--Zeile 70
INSERT INTO TEMPABSATZ (FILIALE, DATUM, UHRZEIT, ARTIKEL, ANZAHL, PREIS, VERKAEUFER, KUNDE) VALUES ('A',to_date('3.9.2012', 'DD.MM.RR'),'11:10',2001,5,149,'Carlo',11);
--Zeile 71
INSERT INTO TEMPABSATZ (FILIALE, DATUM, UHRZEIT, ARTIKEL, ANZAHL, PREIS, VERKAEUFER, KUNDE) VALUES ('A',to_date('3.9.2012', 'DD.MM.RR'),'11:11',2007,5,249,'Carlo',11);
--Zeile 72
INSERT INTO TEMPABSATZ (FILIALE, DATUM, UHRZEIT, ARTIKEL, ANZAHL, PREIS, VERKAEUFER, KUNDE) VALUES ('A',to_date('3.9.2012', 'DD.MM.RR'),'11:12',4001,1,149,'Carlo',1);
--Zeile 73
INSERT INTO TEMPABSATZ (FILIALE, DATUM, UHRZEIT, ARTIKEL, ANZAHL, PREIS, VERKAEUFER, KUNDE) VALUES ('A',to_date('3.9.2012', 'DD.MM.RR'),'11:17',1,1,999,'Carlo',13);
--Zeile 74
INSERT INTO TEMPABSATZ (FILIALE, DATUM, UHRZEIT, ARTIKEL, ANZAHL, PREIS, VERKAEUFER, KUNDE) VALUES ('A',to_date('3.9.2012', 'DD.MM.RR'),'11:17',4001,5,199,'Carlo',13);
--Zeile 75
INSERT INTO TEMPABSATZ (FILIALE, DATUM, UHRZEIT, ARTIKEL, ANZAHL, PREIS, VERKAEUFER, KUNDE) VALUES ('A',to_date('3.9.2012', 'DD.MM.RR'),'12:17',2147,5,649,'Carlo',13);
--Zeile 76
INSERT INTO TEMPABSATZ (FILIALE, DATUM, UHRZEIT, ARTIKEL, ANZAHL, PREIS, VERKAEUFER, KUNDE) VALUES ('A',to_date('3.9.2012', 'DD.MM.RR'),'12:17',4001,1,149,'Carlo',13);
--Zeile 77
INSERT INTO TEMPABSATZ (FILIALE, DATUM, UHRZEIT, ARTIKEL, ANZAHL, PREIS, VERKAEUFER, KUNDE) VALUES ('A',to_date('3.9.2012', 'DD.MM.RR'),'12:21',4001,2,199,'Katharina',14);
--Zeile 78
INSERT INTO TEMPABSATZ (FILIALE, DATUM, UHRZEIT, ARTIKEL, ANZAHL, PREIS, VERKAEUFER, KUNDE) VALUES ('A',to_date('3.9.2012', 'DD.MM.RR'),'13:10',2,1,399,'Carlo',NULL);
--Zeile 79
INSERT INTO TEMPABSATZ (FILIALE, DATUM, UHRZEIT, ARTIKEL, ANZAHL, PREIS, VERKAEUFER, KUNDE) VALUES ('A',to_date('3.9.2012', 'DD.MM.RR'),'13:10',2001,5,149,'Carlo',NULL);
--Zeile 80
INSERT INTO TEMPABSATZ (FILIALE, DATUM, UHRZEIT, ARTIKEL, ANZAHL, PREIS, VERKAEUFER, KUNDE) VALUES ('A',to_date('3.9.2012', 'DD.MM.RR'),'13:11',2007,5,249,'Carlo',0);
--Zeile 81
INSERT INTO TEMPABSATZ (FILIALE, DATUM, UHRZEIT, ARTIKEL, ANZAHL, PREIS, VERKAEUFER, KUNDE) VALUES ('B',to_date('3.9.2012', 'DD.MM.RR'),'17:10',7,1,999,'Felix',11);
--Zeile 82
INSERT INTO TEMPABSATZ (FILIALE, DATUM, UHRZEIT, ARTIKEL, ANZAHL, PREIS, VERKAEUFER, KUNDE) VALUES ('B',to_date('3.9.2012', 'DD.MM.RR'),'17:10',2001,2,149,'Felix',11);
--Zeile 83
INSERT INTO TEMPABSATZ (FILIALE, DATUM, UHRZEIT, ARTIKEL, ANZAHL, PREIS, VERKAEUFER, KUNDE) VALUES ('B',to_date('3.9.2012', 'DD.MM.RR'),'17:11',2007,5,239,'Felix',11);
--Zeile 84
INSERT INTO TEMPABSATZ (FILIALE, DATUM, UHRZEIT, ARTIKEL, ANZAHL, PREIS, VERKAEUFER, KUNDE) VALUES ('B',to_date('3.9.2012', 'DD.MM.RR'),'17:11',4001,1,159,'Felix',11);
--Zeile 85
INSERT INTO TEMPABSATZ (FILIALE, DATUM, UHRZEIT, ARTIKEL, ANZAHL, PREIS, VERKAEUFER, KUNDE) VALUES ('B',to_date('3.9.2012', 'DD.MM.RR'),'17:12',1,1,999,'Felix',13);
--Zeile 86
INSERT INTO TEMPABSATZ (FILIALE, DATUM, UHRZEIT, ARTIKEL, ANZAHL, PREIS, VERKAEUFER, KUNDE) VALUES ('B',to_date('3.9.2012', 'DD.MM.RR'),'17:12',4001,5,199,'Felix',13);
--Zeile 87
INSERT INTO TEMPABSATZ (FILIALE, DATUM, UHRZEIT, ARTIKEL, ANZAHL, PREIS, VERKAEUFER, KUNDE) VALUES ('B',to_date('3.9.2012', 'DD.MM.RR'),'17:12',2147,5,649,'Felix',13);
--Zeile 88
INSERT INTO TEMPABSATZ (FILIALE, DATUM, UHRZEIT, ARTIKEL, ANZAHL, PREIS, VERKAEUFER, KUNDE) VALUES ('B',to_date('3.9.2012', 'DD.MM.RR'),'17:12',4001,1,149,'Felix',13);
--Zeile 89
INSERT INTO TEMPABSATZ (FILIALE, DATUM, UHRZEIT, ARTIKEL, ANZAHL, PREIS, VERKAEUFER, KUNDE) VALUES ('B',to_date('3.9.2012', 'DD.MM.RR'),'17:21',4001,2,199,'Felix',14);
--Zeile 90
INSERT INTO TEMPABSATZ (FILIALE, DATUM, UHRZEIT, ARTIKEL, ANZAHL, PREIS, VERKAEUFER, KUNDE) VALUES ('B',to_date('3.9.2012', 'DD.MM.RR'),'18:10',2,3,399,'Felix',NULL);
--Zeile 91
INSERT INTO TEMPABSATZ (FILIALE, DATUM, UHRZEIT, ARTIKEL, ANZAHL, PREIS, VERKAEUFER, KUNDE) VALUES ('B',to_date('3.9.2012', 'DD.MM.RR'),'18:11',2007,1,249,'Felix',NULL);
--Zeile 92
INSERT INTO TEMPABSATZ (FILIALE, DATUM, UHRZEIT, ARTIKEL, ANZAHL, PREIS, VERKAEUFER, KUNDE) VALUES ('B',to_date('3.9.2012', 'DD.MM.RR'),'18:20',2147,1,249,'Felix',NULL);
--Zeile 93
INSERT INTO TEMPABSATZ (FILIALE, DATUM, UHRZEIT, ARTIKEL, ANZAHL, PREIS, VERKAEUFER, KUNDE) VALUES ('B',to_date('3.9.2012', 'DD.MM.RR'),'18:20',2147,1,249,'Felix',NULL);
--Zeile 94
INSERT INTO TEMPABSATZ (FILIALE, DATUM, UHRZEIT, ARTIKEL, ANZAHL, PREIS, VERKAEUFER, KUNDE) VALUES ('B',to_date('3.9.2012', 'DD.MM.RR'),'18:20',2147,1,249,'Felix',NULL);
--Zeile 95
INSERT INTO TEMPABSATZ (FILIALE, DATUM, UHRZEIT, ARTIKEL, ANZAHL, PREIS, VERKAEUFER, KUNDE) VALUES ('B',to_date('3.9.2012', 'DD.MM.RR'),'18:20',2147,1,249,'Felix',NULL);
--Zeile 96
INSERT INTO TEMPABSATZ (FILIALE, DATUM, UHRZEIT, ARTIKEL, ANZAHL, PREIS, VERKAEUFER, KUNDE) VALUES ('A',to_date('3.9.2012', 'DD.MM.RR'),'18:21',1,1,999,'Carlo',NULL);
--Zeile 97
INSERT INTO TEMPABSATZ (FILIALE, DATUM, UHRZEIT, ARTIKEL, ANZAHL, PREIS, VERKAEUFER, KUNDE) VALUES ('A',to_date('3.9.2012', 'DD.MM.RR'),'18:21',2001,5,999,'Carlo',NULL);
--Zeile 98
INSERT INTO TEMPABSATZ (FILIALE, DATUM, UHRZEIT, ARTIKEL, ANZAHL, PREIS, VERKAEUFER, KUNDE) VALUES ('A',to_date('3.9.2012', 'DD.MM.RR'),'18:21',2001,5,149,'Carlo',NULL);
--Zeile 99
INSERT INTO TEMPABSATZ (FILIALE, DATUM, UHRZEIT, ARTIKEL, ANZAHL, PREIS, VERKAEUFER, KUNDE) VALUES ('B',to_date('3.9.2012', 'DD.MM.RR'),'18:12',1,1,999,'Felix',1);
--Zeile 100
INSERT INTO TEMPABSATZ (FILIALE, DATUM, UHRZEIT, ARTIKEL, ANZAHL, PREIS, VERKAEUFER, KUNDE) VALUES ('B',to_date('3.9.2012', 'DD.MM.RR'),'10:12',4001,2,199,'Felix',13);
--Zeile 101
INSERT INTO TEMPABSATZ (FILIALE, DATUM, UHRZEIT, ARTIKEL, ANZAHL, PREIS, VERKAEUFER, KUNDE) VALUES ('B',to_date('3.9.2012', 'DD.MM.RR'),'10:12',2147,5,629,'Felix',13);
--Zeile 102
INSERT INTO TEMPABSATZ (FILIALE, DATUM, UHRZEIT, ARTIKEL, ANZAHL, PREIS, VERKAEUFER, KUNDE) VALUES ('A',to_date('3.9.2012', 'DD.MM.RR'),'17:10',1,1,999,'Carlo',11);
--Zeile 103
INSERT INTO TEMPABSATZ (FILIALE, DATUM, UHRZEIT, ARTIKEL, ANZAHL, PREIS, VERKAEUFER, KUNDE) VALUES ('A',to_date('3.9.2012', 'DD.MM.RR'),'17:10',2001,3,149,'Carlo',11);
--Zeile 104
INSERT INTO TEMPABSATZ (FILIALE, DATUM, UHRZEIT, ARTIKEL, ANZAHL, PREIS, VERKAEUFER, KUNDE) VALUES ('A',to_date('3.9.2012', 'DD.MM.RR'),'17:11',2007,5,249,'Carlo',11);
--Zeile 105
INSERT INTO TEMPABSATZ (FILIALE, DATUM, UHRZEIT, ARTIKEL, ANZAHL, PREIS, VERKAEUFER, KUNDE) VALUES ('A',to_date('3.9.2012', 'DD.MM.RR'),'17:11',4001,1,149,'Carlo',11);
--Zeile 106
INSERT INTO TEMPABSATZ (FILIALE, DATUM, UHRZEIT, ARTIKEL, ANZAHL, PREIS, VERKAEUFER, KUNDE) VALUES ('A',to_date('3.9.2012', 'DD.MM.RR'),'17:12',1,1,999,'Carlo',13);
--Zeile 107
INSERT INTO TEMPABSATZ (FILIALE, DATUM, UHRZEIT, ARTIKEL, ANZAHL, PREIS, VERKAEUFER, KUNDE) VALUES ('A',to_date('3.9.2012', 'DD.MM.RR'),'17:12',4001,5,199,'Carlo',13);
--Zeile 108
INSERT INTO TEMPABSATZ (FILIALE, DATUM, UHRZEIT, ARTIKEL, ANZAHL, PREIS, VERKAEUFER, KUNDE) VALUES ('A',to_date('3.9.2012', 'DD.MM.RR'),'17:12',2147,5,649,'Carlo',NULL);
--Zeile 109
INSERT INTO TEMPABSATZ (FILIALE, DATUM, UHRZEIT, ARTIKEL, ANZAHL, PREIS, VERKAEUFER, KUNDE) VALUES ('A',to_date('3.9.2012', 'DD.MM.RR'),'17:12',4001,1,149,'Carlo',NULL);
--Zeile 110
INSERT INTO TEMPABSATZ (FILIALE, DATUM, UHRZEIT, ARTIKEL, ANZAHL, PREIS, VERKAEUFER, KUNDE) VALUES ('A',to_date('3.9.2012', 'DD.MM.RR'),'17:21',4001,2,199,'Katharina',14);
--Zeile 111
INSERT INTO TEMPABSATZ (FILIALE, DATUM, UHRZEIT, ARTIKEL, ANZAHL, PREIS, VERKAEUFER, KUNDE) VALUES ('A',to_date('3.9.2012', 'DD.MM.RR'),'18:10',1,10,399,'Carlo',NULL);
--Zeile 112
INSERT INTO TEMPABSATZ (FILIALE, DATUM, UHRZEIT, ARTIKEL, ANZAHL, PREIS, VERKAEUFER, KUNDE) VALUES ('A',to_date('3.9.2012', 'DD.MM.RR'),'18:10',2001,5,149,'Carlo',NULL);
--Zeile 113
INSERT INTO TEMPABSATZ (FILIALE, DATUM, UHRZEIT, ARTIKEL, ANZAHL, PREIS, VERKAEUFER, KUNDE) VALUES ('A',to_date('3.9.2012', 'DD.MM.RR'),'18:11',2007,5,249,'Carlo',0);
--Zeile 114
INSERT INTO TEMPABSATZ (FILIALE, DATUM, UHRZEIT, ARTIKEL, ANZAHL, PREIS, VERKAEUFER, KUNDE) VALUES ('B',to_date('3.9.2012', 'DD.MM.RR'),'13:10',7,1,999,'Felix',11);
--Zeile 115
INSERT INTO TEMPABSATZ (FILIALE, DATUM, UHRZEIT, ARTIKEL, ANZAHL, PREIS, VERKAEUFER, KUNDE) VALUES ('B',to_date('3.9.2012', 'DD.MM.RR'),'13:10',2001,2,149,'Felix',11);
--Zeile 116
INSERT INTO TEMPABSATZ (FILIALE, DATUM, UHRZEIT, ARTIKEL, ANZAHL, PREIS, VERKAEUFER, KUNDE) VALUES ('B',to_date('3.9.2012', 'DD.MM.RR'),'13:11',2007,5,239,'Felix',11);
--Zeile 117
INSERT INTO TEMPABSATZ (FILIALE, DATUM, UHRZEIT, ARTIKEL, ANZAHL, PREIS, VERKAEUFER, KUNDE) VALUES ('B',to_date('3.9.2012', 'DD.MM.RR'),'14:11',4001,1,159,'Felix',11);
--Zeile 118
INSERT INTO TEMPABSATZ (FILIALE, DATUM, UHRZEIT, ARTIKEL, ANZAHL, PREIS, VERKAEUFER, KUNDE) VALUES ('B',to_date('3.9.2012', 'DD.MM.RR'),'8:12',1,1,999,'Felix',13);
--Zeile 119
INSERT INTO TEMPABSATZ (FILIALE, DATUM, UHRZEIT, ARTIKEL, ANZAHL, PREIS, VERKAEUFER, KUNDE) VALUES ('B',to_date('3.9.2012', 'DD.MM.RR'),'8:12',4001,5,199,'Felix',NULL);
--Zeile 120
INSERT INTO TEMPABSATZ (FILIALE, DATUM, UHRZEIT, ARTIKEL, ANZAHL, PREIS, VERKAEUFER, KUNDE) VALUES ('B',to_date('3.9.2012', 'DD.MM.RR'),'8:12',2147,5,649,'Felix',13);
--Zeile 121
INSERT INTO TEMPABSATZ (FILIALE, DATUM, UHRZEIT, ARTIKEL, ANZAHL, PREIS, VERKAEUFER, KUNDE) VALUES ('B',to_date('3.9.2012', 'DD.MM.RR'),'8:12',4001,1,149,'Felix',13);
--Zeile 122
INSERT INTO TEMPABSATZ (FILIALE, DATUM, UHRZEIT, ARTIKEL, ANZAHL, PREIS, VERKAEUFER, KUNDE) VALUES ('B',to_date('3.9.2012', 'DD.MM.RR'),'8:21',4001,2,199,'Felix',14);
--Zeile 123
INSERT INTO TEMPABSATZ (FILIALE, DATUM, UHRZEIT, ARTIKEL, ANZAHL, PREIS, VERKAEUFER, KUNDE) VALUES ('B',to_date('3.9.2012', 'DD.MM.RR'),'9:10',2,1,399,'Felix',NULL);
--Zeile 124
INSERT INTO TEMPABSATZ (FILIALE, DATUM, UHRZEIT, ARTIKEL, ANZAHL, PREIS, VERKAEUFER, KUNDE) VALUES ('B',to_date('3.9.2012', 'DD.MM.RR'),'9:10',2001,1,149,'Felix',NULL);
--Zeile 125
INSERT INTO TEMPABSATZ (FILIALE, DATUM, UHRZEIT, ARTIKEL, ANZAHL, PREIS, VERKAEUFER, KUNDE) VALUES ('B',to_date('3.9.2012', 'DD.MM.RR'),'9:11',2007,5,249,'Felix',NULL);
--Zeile 126
INSERT INTO TEMPABSATZ (FILIALE, DATUM, UHRZEIT, ARTIKEL, ANZAHL, PREIS, VERKAEUFER, KUNDE) VALUES ('B',to_date('3.9.2012', 'DD.MM.RR'),'9:20',2147,1,249,'Felix',NULL);
--Zeile 127
INSERT INTO TEMPABSATZ (FILIALE, DATUM, UHRZEIT, ARTIKEL, ANZAHL, PREIS, VERKAEUFER, KUNDE) VALUES ('B',to_date('3.9.2012', 'DD.MM.RR'),'9:20',2147,1,249,'Felix',NULL);
--Zeile 128
INSERT INTO TEMPABSATZ (FILIALE, DATUM, UHRZEIT, ARTIKEL, ANZAHL, PREIS, VERKAEUFER, KUNDE) VALUES ('B',to_date('3.9.2012', 'DD.MM.RR'),'9:20',2147,1,249,'Felix',NULL);
--Zeile 129
INSERT INTO TEMPABSATZ (FILIALE, DATUM, UHRZEIT, ARTIKEL, ANZAHL, PREIS, VERKAEUFER, KUNDE) VALUES ('B',to_date('3.9.2012', 'DD.MM.RR'),'10:20',2147,1,249,'Felix',NULL);
--Zeile 130
INSERT INTO TEMPABSATZ (FILIALE, DATUM, UHRZEIT, ARTIKEL, ANZAHL, PREIS, VERKAEUFER, KUNDE) VALUES ('A',to_date('3.9.2012', 'DD.MM.RR'),'10:21',1,1,999,'Carlo',13);
--Zeile 131
INSERT INTO TEMPABSATZ (FILIALE, DATUM, UHRZEIT, ARTIKEL, ANZAHL, PREIS, VERKAEUFER, KUNDE) VALUES ('A',to_date('3.9.2012', 'DD.MM.RR'),'10:21',2001,5,149,'Carlo',13);
--Zeile 132
INSERT INTO TEMPABSATZ (FILIALE, DATUM, UHRZEIT, ARTIKEL, ANZAHL, PREIS, VERKAEUFER, KUNDE) VALUES ('A',to_date('3.9.2012', 'DD.MM.RR'),'10:21',2001,5,149,'Carlo',NULL);
--Zeile 133
INSERT INTO TEMPABSATZ (FILIALE, DATUM, UHRZEIT, ARTIKEL, ANZAHL, PREIS, VERKAEUFER, KUNDE) VALUES ('B',to_date('3.9.2012', 'DD.MM.RR'),'10:12',1,1,999,'Felix',NULL);
--Zeile 134
INSERT INTO TEMPABSATZ (FILIALE, DATUM, UHRZEIT, ARTIKEL, ANZAHL, PREIS, VERKAEUFER, KUNDE) VALUES ('B',to_date('3.9.2012', 'DD.MM.RR'),'10:12',4001,2,199,'Felix',NULL);
--Zeile 135
INSERT INTO TEMPABSATZ (FILIALE, DATUM, UHRZEIT, ARTIKEL, ANZAHL, PREIS, VERKAEUFER, KUNDE) VALUES ('B',to_date('3.9.2012', 'DD.MM.RR'),'10:12',2147,5,629,'Felix',NULL);
--Zeile 136
INSERT INTO TEMPABSATZ (FILIALE, DATUM, UHRZEIT, ARTIKEL, ANZAHL, PREIS, VERKAEUFER, KUNDE) VALUES ('A',to_date('4.9.2012', 'DD.MM.RR'),'8:10',1,1,999,'Carlo',11);
--Zeile 137
INSERT INTO TEMPABSATZ (FILIALE, DATUM, UHRZEIT, ARTIKEL, ANZAHL, PREIS, VERKAEUFER, KUNDE) VALUES ('A',to_date('4.9.2012', 'DD.MM.RR'),'8:10',2001,5,149,'Carlo',11);
--Zeile 138
INSERT INTO TEMPABSATZ (FILIALE, DATUM, UHRZEIT, ARTIKEL, ANZAHL, PREIS, VERKAEUFER, KUNDE) VALUES ('A',to_date('4.9.2012', 'DD.MM.RR'),'8:11',2007,5,249,'Carlo',11);
--Zeile 139
INSERT INTO TEMPABSATZ (FILIALE, DATUM, UHRZEIT, ARTIKEL, ANZAHL, PREIS, VERKAEUFER, KUNDE) VALUES ('A',to_date('4.9.2012', 'DD.MM.RR'),'8:11',4001,1,149,'Carlo',11);
--Zeile 140
INSERT INTO TEMPABSATZ (FILIALE, DATUM, UHRZEIT, ARTIKEL, ANZAHL, PREIS, VERKAEUFER, KUNDE) VALUES ('A',to_date('4.9.2012', 'DD.MM.RR'),'8:12',1,1,999,'Carlo',13);
--Zeile 141
INSERT INTO TEMPABSATZ (FILIALE, DATUM, UHRZEIT, ARTIKEL, ANZAHL, PREIS, VERKAEUFER, KUNDE) VALUES ('A',to_date('4.9.2012', 'DD.MM.RR'),'8:12',4001,5,199,'Carlo',13);
--Zeile 142
INSERT INTO TEMPABSATZ (FILIALE, DATUM, UHRZEIT, ARTIKEL, ANZAHL, PREIS, VERKAEUFER, KUNDE) VALUES ('A',to_date('4.9.2012', 'DD.MM.RR'),'8:12',2147,5,649,'Carlo',13);
--Zeile 143
INSERT INTO TEMPABSATZ (FILIALE, DATUM, UHRZEIT, ARTIKEL, ANZAHL, PREIS, VERKAEUFER, KUNDE) VALUES ('A',to_date('4.9.2012', 'DD.MM.RR'),'8:12',4001,1,149,'Carlo',13);
--Zeile 144
INSERT INTO TEMPABSATZ (FILIALE, DATUM, UHRZEIT, ARTIKEL, ANZAHL, PREIS, VERKAEUFER, KUNDE) VALUES ('A',to_date('4.9.2012', 'DD.MM.RR'),'8:21',4001,2,199,'Katharina',14);
--Zeile 145
INSERT INTO TEMPABSATZ (FILIALE, DATUM, UHRZEIT, ARTIKEL, ANZAHL, PREIS, VERKAEUFER, KUNDE) VALUES ('A',to_date('4.9.2012', 'DD.MM.RR'),'9:10',2,3,399,'Carlo',NULL);
--Zeile 146
INSERT INTO TEMPABSATZ (FILIALE, DATUM, UHRZEIT, ARTIKEL, ANZAHL, PREIS, VERKAEUFER, KUNDE) VALUES ('A',to_date('4.9.2012', 'DD.MM.RR'),'9:10',2001,5,149,'Carlo',NULL);
--Zeile 147
INSERT INTO TEMPABSATZ (FILIALE, DATUM, UHRZEIT, ARTIKEL, ANZAHL, PREIS, VERKAEUFER, KUNDE) VALUES ('A',to_date('4.9.2012', 'DD.MM.RR'),'9:11',2007,5,249,'Carlo',NULL);
--Zeile 148
INSERT INTO TEMPABSATZ (FILIALE, DATUM, UHRZEIT, ARTIKEL, ANZAHL, PREIS, VERKAEUFER, KUNDE) VALUES ('B',to_date('4.9.2012', 'DD.MM.RR'),'9:10',7,1,999,'Felix',11);
--Zeile 149
INSERT INTO TEMPABSATZ (FILIALE, DATUM, UHRZEIT, ARTIKEL, ANZAHL, PREIS, VERKAEUFER, KUNDE) VALUES ('B',to_date('4.9.2012', 'DD.MM.RR'),'9:10',2001,2,149,'Felix',11);
--Zeile 150
INSERT INTO TEMPABSATZ (FILIALE, DATUM, UHRZEIT, ARTIKEL, ANZAHL, PREIS, VERKAEUFER, KUNDE) VALUES ('B',to_date('4.9.2012', 'DD.MM.RR'),'9:11',2007,5,239,'Felix',11);
--Zeile 151
INSERT INTO TEMPABSATZ (FILIALE, DATUM, UHRZEIT, ARTIKEL, ANZAHL, PREIS, VERKAEUFER, KUNDE) VALUES ('B',to_date('4.9.2012', 'DD.MM.RR'),'9:11',4001,1,159,'Felix',11);
--Zeile 152
INSERT INTO TEMPABSATZ (FILIALE, DATUM, UHRZEIT, ARTIKEL, ANZAHL, PREIS, VERKAEUFER, KUNDE) VALUES ('B',to_date('4.9.2012', 'DD.MM.RR'),'8:12',1,1,999,'Felix',13);
--Zeile 153
INSERT INTO TEMPABSATZ (FILIALE, DATUM, UHRZEIT, ARTIKEL, ANZAHL, PREIS, VERKAEUFER, KUNDE) VALUES ('B',to_date('4.9.2012', 'DD.MM.RR'),'8:12',4001,5,199,'Felix',13);
--Zeile 154
INSERT INTO TEMPABSATZ (FILIALE, DATUM, UHRZEIT, ARTIKEL, ANZAHL, PREIS, VERKAEUFER, KUNDE) VALUES ('B',to_date('4.9.2012', 'DD.MM.RR'),'8:12',2147,5,649,'Felix',13);
--Zeile 155
INSERT INTO TEMPABSATZ (FILIALE, DATUM, UHRZEIT, ARTIKEL, ANZAHL, PREIS, VERKAEUFER, KUNDE) VALUES ('B',to_date('4.9.2012', 'DD.MM.RR'),'8:12',4001,1,149,'Felix',13);
--Zeile 156
INSERT INTO TEMPABSATZ (FILIALE, DATUM, UHRZEIT, ARTIKEL, ANZAHL, PREIS, VERKAEUFER, KUNDE) VALUES ('B',to_date('4.9.2012', 'DD.MM.RR'),'8:21',4001,2,199,'Felix',14);
--Zeile 157
INSERT INTO TEMPABSATZ (FILIALE, DATUM, UHRZEIT, ARTIKEL, ANZAHL, PREIS, VERKAEUFER, KUNDE) VALUES ('B',to_date('4.9.2012', 'DD.MM.RR'),'9:10',2,1,399,'Felix',NULL);
--Zeile 158
INSERT INTO TEMPABSATZ (FILIALE, DATUM, UHRZEIT, ARTIKEL, ANZAHL, PREIS, VERKAEUFER, KUNDE) VALUES ('B',to_date('4.9.2012', 'DD.MM.RR'),'9:10',2001,1,949,'Felix',NULL);
--Zeile 159
INSERT INTO TEMPABSATZ (FILIALE, DATUM, UHRZEIT, ARTIKEL, ANZAHL, PREIS, VERKAEUFER, KUNDE) VALUES ('B',to_date('4.9.2012', 'DD.MM.RR'),'9:11',2007,2,249,'Felix',NULL);
--Zeile 160
INSERT INTO TEMPABSATZ (FILIALE, DATUM, UHRZEIT, ARTIKEL, ANZAHL, PREIS, VERKAEUFER, KUNDE) VALUES ('B',to_date('4.9.2012', 'DD.MM.RR'),'9:20',2147,1,249,'Felix',NULL);
--Zeile 161
INSERT INTO TEMPABSATZ (FILIALE, DATUM, UHRZEIT, ARTIKEL, ANZAHL, PREIS, VERKAEUFER, KUNDE) VALUES ('B',to_date('4.9.2012', 'DD.MM.RR'),'9:20',2147,1,249,'Felix',NULL);
--Zeile 162
INSERT INTO TEMPABSATZ (FILIALE, DATUM, UHRZEIT, ARTIKEL, ANZAHL, PREIS, VERKAEUFER, KUNDE) VALUES ('B',to_date('4.9.2012', 'DD.MM.RR'),'9:20',2147,1,249,'Felix',NULL);
--Zeile 163
INSERT INTO TEMPABSATZ (FILIALE, DATUM, UHRZEIT, ARTIKEL, ANZAHL, PREIS, VERKAEUFER, KUNDE) VALUES ('B',to_date('4.9.2012', 'DD.MM.RR'),'10:20',2147,1,249,'Felix',NULL);
--Zeile 164
INSERT INTO TEMPABSATZ (FILIALE, DATUM, UHRZEIT, ARTIKEL, ANZAHL, PREIS, VERKAEUFER, KUNDE) VALUES ('A',to_date('4.9.2012', 'DD.MM.RR'),'10:21',1,1,999,'Carlo',NULL);
--Zeile 165
INSERT INTO TEMPABSATZ (FILIALE, DATUM, UHRZEIT, ARTIKEL, ANZAHL, PREIS, VERKAEUFER, KUNDE) VALUES ('A',to_date('4.9.2012', 'DD.MM.RR'),'10:21',2001,5,999,'Carlo',NULL);
--Zeile 166
INSERT INTO TEMPABSATZ (FILIALE, DATUM, UHRZEIT, ARTIKEL, ANZAHL, PREIS, VERKAEUFER, KUNDE) VALUES ('A',to_date('4.9.2012', 'DD.MM.RR'),'10:21',2001,5,149,'Carlo',NULL);
--Zeile 167
INSERT INTO TEMPABSATZ (FILIALE, DATUM, UHRZEIT, ARTIKEL, ANZAHL, PREIS, VERKAEUFER, KUNDE) VALUES ('B',to_date('4.9.2012', 'DD.MM.RR'),'17:12',1,1,999,'Felix',13);
--Zeile 168
INSERT INTO TEMPABSATZ (FILIALE, DATUM, UHRZEIT, ARTIKEL, ANZAHL, PREIS, VERKAEUFER, KUNDE) VALUES ('B',to_date('4.9.2012', 'DD.MM.RR'),'17:12',4001,2,199,'Felix',13);
--Zeile 169
INSERT INTO TEMPABSATZ (FILIALE, DATUM, UHRZEIT, ARTIKEL, ANZAHL, PREIS, VERKAEUFER, KUNDE) VALUES ('B',to_date('4.9.2012', 'DD.MM.RR'),'17:12',2147,5,629,'Felix',13);
--Zeile 170
INSERT INTO TEMPABSATZ (FILIALE, DATUM, UHRZEIT, ARTIKEL, ANZAHL, PREIS, VERKAEUFER, KUNDE) VALUES ('A',to_date('4.9.2012', 'DD.MM.RR'),'18:09',1,1,999,'Carlo',11);
--Zeile 171
INSERT INTO TEMPABSATZ (FILIALE, DATUM, UHRZEIT, ARTIKEL, ANZAHL, PREIS, VERKAEUFER, KUNDE) VALUES ('A',to_date('4.9.2012', 'DD.MM.RR'),'18:09',2001,5,149,'Carlo',11);
--Zeile 172
INSERT INTO TEMPABSATZ (FILIALE, DATUM, UHRZEIT, ARTIKEL, ANZAHL, PREIS, VERKAEUFER, KUNDE) VALUES ('A',to_date('4.9.2012', 'DD.MM.RR'),'18:09',2007,3,249,'Carlo',11);
--Zeile 173
INSERT INTO TEMPABSATZ (FILIALE, DATUM, UHRZEIT, ARTIKEL, ANZAHL, PREIS, VERKAEUFER, KUNDE) VALUES ('A',to_date('4.9.2012', 'DD.MM.RR'),'18:09',4001,2,149,'Carlo',11);
--Zeile 174
INSERT INTO TEMPABSATZ (FILIALE, DATUM, UHRZEIT, ARTIKEL, ANZAHL, PREIS, VERKAEUFER, KUNDE) VALUES ('A',to_date('4.9.2012', 'DD.MM.RR'),'18:12',1,1,999,'Carlo',13);
--Zeile 175
INSERT INTO TEMPABSATZ (FILIALE, DATUM, UHRZEIT, ARTIKEL, ANZAHL, PREIS, VERKAEUFER, KUNDE) VALUES ('A',to_date('4.9.2012', 'DD.MM.RR'),'18:12',4001,5,199,'Carlo',13);
--Zeile 176
INSERT INTO TEMPABSATZ (FILIALE, DATUM, UHRZEIT, ARTIKEL, ANZAHL, PREIS, VERKAEUFER, KUNDE) VALUES ('A',to_date('4.9.2012', 'DD.MM.RR'),'18:12',2147,5,649,'Carlo',13);
--Zeile 177
INSERT INTO TEMPABSATZ (FILIALE, DATUM, UHRZEIT, ARTIKEL, ANZAHL, PREIS, VERKAEUFER, KUNDE) VALUES ('A',to_date('4.9.2012', 'DD.MM.RR'),'18:12',4001,1,149,'Carlo',13);
--Zeile 178
INSERT INTO TEMPABSATZ (FILIALE, DATUM, UHRZEIT, ARTIKEL, ANZAHL, PREIS, VERKAEUFER, KUNDE) VALUES ('A',to_date('4.9.2012', 'DD.MM.RR'),'18:21',4001,2,199,'Katharina',14);
--Zeile 179
INSERT INTO TEMPABSATZ (FILIALE, DATUM, UHRZEIT, ARTIKEL, ANZAHL, PREIS, VERKAEUFER, KUNDE) VALUES ('A',to_date('4.9.2012', 'DD.MM.RR'),'13:10',1,1,399,'Carlo',NULL);
--Zeile 180
INSERT INTO TEMPABSATZ (FILIALE, DATUM, UHRZEIT, ARTIKEL, ANZAHL, PREIS, VERKAEUFER, KUNDE) VALUES ('A',to_date('4.9.2012', 'DD.MM.RR'),'13:10',2001,5,149,'Carlo',NULL);
--Zeile 181
INSERT INTO TEMPABSATZ (FILIALE, DATUM, UHRZEIT, ARTIKEL, ANZAHL, PREIS, VERKAEUFER, KUNDE) VALUES ('A',to_date('4.9.2012', 'DD.MM.RR'),'13:11',2007,5,249,'Carlo',NULL);
--Zeile 182
INSERT INTO TEMPABSATZ (FILIALE, DATUM, UHRZEIT, ARTIKEL, ANZAHL, PREIS, VERKAEUFER, KUNDE) VALUES ('A',to_date('4.9.2012', 'DD.MM.RR'),'13:11',7,1,999,'Carlo',NULL);
--Zeile 183
INSERT INTO TEMPABSATZ (FILIALE, DATUM, UHRZEIT, ARTIKEL, ANZAHL, PREIS, VERKAEUFER, KUNDE) VALUES ('A',to_date('4.9.2012', 'DD.MM.RR'),'13:11',2001,2,149,'Carlo',NULL);
--Zeile 184
INSERT INTO TEMPABSATZ (FILIALE, DATUM, UHRZEIT, ARTIKEL, ANZAHL, PREIS, VERKAEUFER, KUNDE) VALUES ('A',to_date('4.9.2012', 'DD.MM.RR'),'13:13',2007,5,239,'Carlo',NULL);
--Zeile 185
INSERT INTO TEMPABSATZ (FILIALE, DATUM, UHRZEIT, ARTIKEL, ANZAHL, PREIS, VERKAEUFER, KUNDE) VALUES ('A',to_date('4.9.2012', 'DD.MM.RR'),'14:12',4001,1,159,'Carlo',NULL);
--Zeile 186
INSERT INTO TEMPABSATZ (FILIALE, DATUM, UHRZEIT, ARTIKEL, ANZAHL, PREIS, VERKAEUFER, KUNDE) VALUES ('B',to_date('4.9.2012', 'DD.MM.RR'),'18:07',1,1,999,'Felix',NULL);
--Zeile 187
INSERT INTO TEMPABSATZ (FILIALE, DATUM, UHRZEIT, ARTIKEL, ANZAHL, PREIS, VERKAEUFER, KUNDE) VALUES ('B',to_date('4.9.2012', 'DD.MM.RR'),'18:12',4001,5,199,'Felix',13);
--Zeile 188
INSERT INTO TEMPABSATZ (FILIALE, DATUM, UHRZEIT, ARTIKEL, ANZAHL, PREIS, VERKAEUFER, KUNDE) VALUES ('B',to_date('4.9.2012', 'DD.MM.RR'),'18:12',2147,2,649,'Felix',13);
--Zeile 189
INSERT INTO TEMPABSATZ (FILIALE, DATUM, UHRZEIT, ARTIKEL, ANZAHL, PREIS, VERKAEUFER, KUNDE) VALUES ('B',to_date('4.9.2012', 'DD.MM.RR'),'18:12',4001,1,149,'Felix',13);
--Zeile 190
INSERT INTO TEMPABSATZ (FILIALE, DATUM, UHRZEIT, ARTIKEL, ANZAHL, PREIS, VERKAEUFER, KUNDE) VALUES ('B',to_date('4.9.2012', 'DD.MM.RR'),'18:21',4001,2,199,'Felix',14);
--Zeile 191
INSERT INTO TEMPABSATZ (FILIALE, DATUM, UHRZEIT, ARTIKEL, ANZAHL, PREIS, VERKAEUFER, KUNDE) VALUES ('B',to_date('4.9.2012', 'DD.MM.RR'),'18:45',2,1,399,'Felix',NULL);
--Zeile 192
INSERT INTO TEMPABSATZ (FILIALE, DATUM, UHRZEIT, ARTIKEL, ANZAHL, PREIS, VERKAEUFER, KUNDE) VALUES ('B',to_date('4.9.2012', 'DD.MM.RR'),'18:45',2001,1,149,'Felix',NULL);
--Zeile 193
INSERT INTO TEMPABSATZ (FILIALE, DATUM, UHRZEIT, ARTIKEL, ANZAHL, PREIS, VERKAEUFER, KUNDE) VALUES ('B',to_date('4.9.2012', 'DD.MM.RR'),'18:45',2007,3,249,'Felix',NULL);
--Zeile 194
INSERT INTO TEMPABSATZ (FILIALE, DATUM, UHRZEIT, ARTIKEL, ANZAHL, PREIS, VERKAEUFER, KUNDE) VALUES ('B',to_date('4.9.2012', 'DD.MM.RR'),'18:46',2147,1,249,'Felix',NULL);
--Zeile 195
INSERT INTO TEMPABSATZ (FILIALE, DATUM, UHRZEIT, ARTIKEL, ANZAHL, PREIS, VERKAEUFER, KUNDE) VALUES ('B',to_date('4.9.2012', 'DD.MM.RR'),'18:46',2147,1,249,'Felix',NULL);
--Zeile 196
INSERT INTO TEMPABSATZ (FILIALE, DATUM, UHRZEIT, ARTIKEL, ANZAHL, PREIS, VERKAEUFER, KUNDE) VALUES ('B',to_date('4.9.2012', 'DD.MM.RR'),'18:46',2147,1,249,'Felix',NULL);
--Zeile 197
INSERT INTO TEMPABSATZ (FILIALE, DATUM, UHRZEIT, ARTIKEL, ANZAHL, PREIS, VERKAEUFER, KUNDE) VALUES ('B',to_date('4.9.2012', 'DD.MM.RR'),'18:46',2147,1,249,'Felix',NULL);
--Zeile 198
INSERT INTO TEMPABSATZ (FILIALE, DATUM, UHRZEIT, ARTIKEL, ANZAHL, PREIS, VERKAEUFER, KUNDE) VALUES ('A',to_date('4.9.2012', 'DD.MM.RR'),'18:46',1,1,999,'Carlo',NULL);
--Zeile 199
INSERT INTO TEMPABSATZ (FILIALE, DATUM, UHRZEIT, ARTIKEL, ANZAHL, PREIS, VERKAEUFER, KUNDE) VALUES ('A',to_date('4.9.2012', 'DD.MM.RR'),'18:46',2001,5,149,'Carlo',NULL);
--Zeile 200
INSERT INTO TEMPABSATZ (FILIALE, DATUM, UHRZEIT, ARTIKEL, ANZAHL, PREIS, VERKAEUFER, KUNDE) VALUES ('A',to_date('4.9.2012', 'DD.MM.RR'),'18:47',2001,5,149,'Carlo',NULL);
--Zeile 201
INSERT INTO TEMPABSATZ (FILIALE, DATUM, UHRZEIT, ARTIKEL, ANZAHL, PREIS, VERKAEUFER, KUNDE) VALUES ('B',to_date('4.9.2012', 'DD.MM.RR'),'18:47',1,1,999,'Felix',15);
--Zeile 202
INSERT INTO TEMPABSATZ (FILIALE, DATUM, UHRZEIT, ARTIKEL, ANZAHL, PREIS, VERKAEUFER, KUNDE) VALUES ('B',to_date('4.9.2012', 'DD.MM.RR'),'18:47',4001,2,199,'Felix',15);
--Zeile 203
INSERT INTO TEMPABSATZ (FILIALE, DATUM, UHRZEIT, ARTIKEL, ANZAHL, PREIS, VERKAEUFER, KUNDE) VALUES ('B',to_date('4.9.2012', 'DD.MM.RR'),'18:47',2147,5,629,'Felix',15);
--Zeile 204
INSERT INTO TEMPABSATZ (FILIALE, DATUM, UHRZEIT, ARTIKEL, ANZAHL, PREIS, VERKAEUFER, KUNDE) VALUES ('A',to_date('4.9.2012', 'DD.MM.RR'),'12:10',1,1,999,'Carlo',16);
--Zeile 205
INSERT INTO TEMPABSATZ (FILIALE, DATUM, UHRZEIT, ARTIKEL, ANZAHL, PREIS, VERKAEUFER, KUNDE) VALUES ('A',to_date('4.9.2012', 'DD.MM.RR'),'12:10',2001,5,149,'Carlo',16);
--Zeile 206
INSERT INTO TEMPABSATZ (FILIALE, DATUM, UHRZEIT, ARTIKEL, ANZAHL, PREIS, VERKAEUFER, KUNDE) VALUES ('A',to_date('4.9.2012', 'DD.MM.RR'),'12:11',2007,5,249,'Carlo',16);
--Zeile 207
INSERT INTO TEMPABSATZ (FILIALE, DATUM, UHRZEIT, ARTIKEL, ANZAHL, PREIS, VERKAEUFER, KUNDE) VALUES ('A',to_date('4.9.2012', 'DD.MM.RR'),'12:11',4001,1,149,'Carlo',16);
--Zeile 208
INSERT INTO TEMPABSATZ (FILIALE, DATUM, UHRZEIT, ARTIKEL, ANZAHL, PREIS, VERKAEUFER, KUNDE) VALUES ('A',to_date('4.9.2012', 'DD.MM.RR'),'12:35',1,1,999,'Carlo',17);
--Zeile 209
INSERT INTO TEMPABSATZ (FILIALE, DATUM, UHRZEIT, ARTIKEL, ANZAHL, PREIS, VERKAEUFER, KUNDE) VALUES ('A',to_date('4.9.2012', 'DD.MM.RR'),'12:35',4001,5,199,'Carlo',17);
--Zeile 210
INSERT INTO TEMPABSATZ (FILIALE, DATUM, UHRZEIT, ARTIKEL, ANZAHL, PREIS, VERKAEUFER, KUNDE) VALUES ('A',to_date('4.9.2012', 'DD.MM.RR'),'12:35',2147,5,649,'Carlo',17);
--Zeile 211
INSERT INTO TEMPABSATZ (FILIALE, DATUM, UHRZEIT, ARTIKEL, ANZAHL, PREIS, VERKAEUFER, KUNDE) VALUES ('A',to_date('4.9.2012', 'DD.MM.RR'),'12:35',4001,1,149,'Carlo',17);
--Zeile 212
INSERT INTO TEMPABSATZ (FILIALE, DATUM, UHRZEIT, ARTIKEL, ANZAHL, PREIS, VERKAEUFER, KUNDE) VALUES ('A',to_date('4.9.2012', 'DD.MM.RR'),'13:39',4001,2,199,'Katharina',18);
--Zeile 213
INSERT INTO TEMPABSATZ (FILIALE, DATUM, UHRZEIT, ARTIKEL, ANZAHL, PREIS, VERKAEUFER, KUNDE) VALUES ('A',to_date('4.9.2012', 'DD.MM.RR'),'13:10',2,1,399,'Carlo',NULL);
--Zeile 214
INSERT INTO TEMPABSATZ (FILIALE, DATUM, UHRZEIT, ARTIKEL, ANZAHL, PREIS, VERKAEUFER, KUNDE) VALUES ('A',to_date('4.9.2012', 'DD.MM.RR'),'15:10',2001,5,149,'Carlo',NULL);
--Zeile 215
INSERT INTO TEMPABSATZ (FILIALE, DATUM, UHRZEIT, ARTIKEL, ANZAHL, PREIS, VERKAEUFER, KUNDE) VALUES ('A',to_date('4.9.2012', 'DD.MM.RR'),'15:11',2007,5,249,'Carlo',NULL);
--Zeile 216
INSERT INTO TEMPABSATZ (FILIALE, DATUM, UHRZEIT, ARTIKEL, ANZAHL, PREIS, VERKAEUFER, KUNDE) VALUES ('B',to_date('4.9.2012', 'DD.MM.RR'),'18:49',7,1,999,'Felix',18);
--Zeile 217
INSERT INTO TEMPABSATZ (FILIALE, DATUM, UHRZEIT, ARTIKEL, ANZAHL, PREIS, VERKAEUFER, KUNDE) VALUES ('B',to_date('4.9.2012', 'DD.MM.RR'),'18:49',2001,2,149,'Felix',18);
--Zeile 218
INSERT INTO TEMPABSATZ (FILIALE, DATUM, UHRZEIT, ARTIKEL, ANZAHL, PREIS, VERKAEUFER, KUNDE) VALUES ('B',to_date('4.9.2012', 'DD.MM.RR'),'18:49',2007,5,239,'Felix',18);
--Zeile 219
INSERT INTO TEMPABSATZ (FILIALE, DATUM, UHRZEIT, ARTIKEL, ANZAHL, PREIS, VERKAEUFER, KUNDE) VALUES ('B',to_date('4.9.2012', 'DD.MM.RR'),'18:49',4001,1,159,'Felix',18);
--Zeile 220
INSERT INTO TEMPABSATZ (FILIALE, DATUM, UHRZEIT, ARTIKEL, ANZAHL, PREIS, VERKAEUFER, KUNDE) VALUES ('B',to_date('4.9.2012', 'DD.MM.RR'),'18:51',1,1,999,'Felix',19);
--Zeile 221
INSERT INTO TEMPABSATZ (FILIALE, DATUM, UHRZEIT, ARTIKEL, ANZAHL, PREIS, VERKAEUFER, KUNDE) VALUES ('B',to_date('4.9.2012', 'DD.MM.RR'),'18:51',4001,5,199,'Felix',19);
--Zeile 222
INSERT INTO TEMPABSATZ (FILIALE, DATUM, UHRZEIT, ARTIKEL, ANZAHL, PREIS, VERKAEUFER, KUNDE) VALUES ('B',to_date('4.9.2012', 'DD.MM.RR'),'18:51',2147,5,649,'Felix',19);
--Zeile 223
INSERT INTO TEMPABSATZ (FILIALE, DATUM, UHRZEIT, ARTIKEL, ANZAHL, PREIS, VERKAEUFER, KUNDE) VALUES ('B',to_date('4.9.2012', 'DD.MM.RR'),'18:51',4001,1,149,'Felix',19);
--Zeile 224
INSERT INTO TEMPABSATZ (FILIALE, DATUM, UHRZEIT, ARTIKEL, ANZAHL, PREIS, VERKAEUFER, KUNDE) VALUES ('B',to_date('4.9.2012', 'DD.MM.RR'),'18:55',4001,2,199,'Felix',NULL);
--Zeile 225
INSERT INTO TEMPABSATZ (FILIALE, DATUM, UHRZEIT, ARTIKEL, ANZAHL, PREIS, VERKAEUFER, KUNDE) VALUES ('B',to_date('4.9.2012', 'DD.MM.RR'),'18:5',2,1,399,'Felix',NULL);
--Zeile 226
INSERT INTO TEMPABSATZ (FILIALE, DATUM, UHRZEIT, ARTIKEL, ANZAHL, PREIS, VERKAEUFER, KUNDE) VALUES ('B',to_date('4.9.2012', 'DD.MM.RR'),'18:11',2007,1,249,'Felix',NULL);
--Zeile 227
INSERT INTO TEMPABSATZ (FILIALE, DATUM, UHRZEIT, ARTIKEL, ANZAHL, PREIS, VERKAEUFER, KUNDE) VALUES ('B',to_date('4.9.2012', 'DD.MM.RR'),'18:20',2147,1,249,'Felix',NULL);
--Zeile 228
INSERT INTO TEMPABSATZ (FILIALE, DATUM, UHRZEIT, ARTIKEL, ANZAHL, PREIS, VERKAEUFER, KUNDE) VALUES ('B',to_date('4.9.2012', 'DD.MM.RR'),'18:20',2147,1,249,'Felix',NULL);
--Zeile 229
INSERT INTO TEMPABSATZ (FILIALE, DATUM, UHRZEIT, ARTIKEL, ANZAHL, PREIS, VERKAEUFER, KUNDE) VALUES ('B',to_date('4.9.2012', 'DD.MM.RR'),'18:20',2147,1,249,'Felix',NULL);
--Zeile 230
INSERT INTO TEMPABSATZ (FILIALE, DATUM, UHRZEIT, ARTIKEL, ANZAHL, PREIS, VERKAEUFER, KUNDE) VALUES ('B',to_date('4.9.2012', 'DD.MM.RR'),'18:20',2147,1,249,'Felix',NULL);
--Zeile 231
INSERT INTO TEMPABSATZ (FILIALE, DATUM, UHRZEIT, ARTIKEL, ANZAHL, PREIS, VERKAEUFER, KUNDE) VALUES ('A',to_date('4.9.2012', 'DD.MM.RR'),'18:21',1,1,999,'Carlo',NULL);
--Zeile 232
INSERT INTO TEMPABSATZ (FILIALE, DATUM, UHRZEIT, ARTIKEL, ANZAHL, PREIS, VERKAEUFER, KUNDE) VALUES ('A',to_date('4.9.2012', 'DD.MM.RR'),'18:21',2001,5,999,'Carlo',NULL);
--Zeile 233
INSERT INTO TEMPABSATZ (FILIALE, DATUM, UHRZEIT, ARTIKEL, ANZAHL, PREIS, VERKAEUFER, KUNDE) VALUES ('A',to_date('4.9.2012', 'DD.MM.RR'),'18:21',2001,5,149,'Carlo',NULL);
--Zeile 234
INSERT INTO TEMPABSATZ (FILIALE, DATUM, UHRZEIT, ARTIKEL, ANZAHL, PREIS, VERKAEUFER, KUNDE) VALUES ('B',to_date('4.9.2012', 'DD.MM.RR'),'18:12',1,1,999,'Felix',NULL);
--Zeile 235
INSERT INTO TEMPABSATZ (FILIALE, DATUM, UHRZEIT, ARTIKEL, ANZAHL, PREIS, VERKAEUFER, KUNDE) VALUES ('B',to_date('5.9.2012', 'DD.MM.RR'),'10:12',4001,2,199,'Felix',13);
--Zeile 236
INSERT INTO TEMPABSATZ (FILIALE, DATUM, UHRZEIT, ARTIKEL, ANZAHL, PREIS, VERKAEUFER, KUNDE) VALUES ('B',to_date('5.9.2012', 'DD.MM.RR'),'10:12',2147,5,629,'Felix',13);
--Zeile 237
INSERT INTO TEMPABSATZ (FILIALE, DATUM, UHRZEIT, ARTIKEL, ANZAHL, PREIS, VERKAEUFER, KUNDE) VALUES ('A',to_date('5.9.2012', 'DD.MM.RR'),'11:10',1,1,999,'Carlo',11);
--Zeile 238
INSERT INTO TEMPABSATZ (FILIALE, DATUM, UHRZEIT, ARTIKEL, ANZAHL, PREIS, VERKAEUFER, KUNDE) VALUES ('A',to_date('5.9.2012', 'DD.MM.RR'),'11:10',2001,5,149,'Carlo',11);
--Zeile 239
INSERT INTO TEMPABSATZ (FILIALE, DATUM, UHRZEIT, ARTIKEL, ANZAHL, PREIS, VERKAEUFER, KUNDE) VALUES ('A',to_date('5.9.2012', 'DD.MM.RR'),'11:11',2007,5,249,'Carlo',11);
--Zeile 240
INSERT INTO TEMPABSATZ (FILIALE, DATUM, UHRZEIT, ARTIKEL, ANZAHL, PREIS, VERKAEUFER, KUNDE) VALUES ('A',to_date('5.9.2012', 'DD.MM.RR'),'11:11',4001,1,149,'Carlo',11);
--Zeile 241
INSERT INTO TEMPABSATZ (FILIALE, DATUM, UHRZEIT, ARTIKEL, ANZAHL, PREIS, VERKAEUFER, KUNDE) VALUES ('A',to_date('5.9.2012', 'DD.MM.RR'),'11:12',1,1,999,'Carlo',13);
--Zeile 242
INSERT INTO TEMPABSATZ (FILIALE, DATUM, UHRZEIT, ARTIKEL, ANZAHL, PREIS, VERKAEUFER, KUNDE) VALUES ('A',to_date('5.9.2012', 'DD.MM.RR'),'11:12',4001,5,199,'Carlo',13);
--Zeile 243
INSERT INTO TEMPABSATZ (FILIALE, DATUM, UHRZEIT, ARTIKEL, ANZAHL, PREIS, VERKAEUFER, KUNDE) VALUES ('A',to_date('5.9.2012', 'DD.MM.RR'),'11:12',2147,5,649,'Carlo',NULL);
--Zeile 244
INSERT INTO TEMPABSATZ (FILIALE, DATUM, UHRZEIT, ARTIKEL, ANZAHL, PREIS, VERKAEUFER, KUNDE) VALUES ('A',to_date('5.9.2012', 'DD.MM.RR'),'11:12',4001,1,149,'Carlo',NULL);
--Zeile 245
INSERT INTO TEMPABSATZ (FILIALE, DATUM, UHRZEIT, ARTIKEL, ANZAHL, PREIS, VERKAEUFER, KUNDE) VALUES ('A',to_date('5.9.2012', 'DD.MM.RR'),'11:21',4001,2,199,'Katharina',14);
--Zeile 246
INSERT INTO TEMPABSATZ (FILIALE, DATUM, UHRZEIT, ARTIKEL, ANZAHL, PREIS, VERKAEUFER, KUNDE) VALUES ('A',to_date('5.9.2012', 'DD.MM.RR'),'12:10',1,1,399,'Carlo',NULL);
--Zeile 247
INSERT INTO TEMPABSATZ (FILIALE, DATUM, UHRZEIT, ARTIKEL, ANZAHL, PREIS, VERKAEUFER, KUNDE) VALUES ('A',to_date('5.9.2012', 'DD.MM.RR'),'12:10',2001,5,149,'Carlo',NULL);
--Zeile 248
INSERT INTO TEMPABSATZ (FILIALE, DATUM, UHRZEIT, ARTIKEL, ANZAHL, PREIS, VERKAEUFER, KUNDE) VALUES ('A',to_date('5.9.2012', 'DD.MM.RR'),'12:11',2007,5,249,'Carlo',NULL);
--Zeile 249
INSERT INTO TEMPABSATZ (FILIALE, DATUM, UHRZEIT, ARTIKEL, ANZAHL, PREIS, VERKAEUFER, KUNDE) VALUES ('B',to_date('5.9.2012', 'DD.MM.RR'),'10:10',7,1,999,'Felix',11);
--Zeile 250
INSERT INTO TEMPABSATZ (FILIALE, DATUM, UHRZEIT, ARTIKEL, ANZAHL, PREIS, VERKAEUFER, KUNDE) VALUES ('B',to_date('5.9.2012', 'DD.MM.RR'),'10:10',2001,2,149,'Felix',11);
--Zeile 251
INSERT INTO TEMPABSATZ (FILIALE, DATUM, UHRZEIT, ARTIKEL, ANZAHL, PREIS, VERKAEUFER, KUNDE) VALUES ('B',to_date('5.9.2012', 'DD.MM.RR'),'10:11',2007,5,239,'Felix',11);
--Zeile 252
INSERT INTO TEMPABSATZ (FILIALE, DATUM, UHRZEIT, ARTIKEL, ANZAHL, PREIS, VERKAEUFER, KUNDE) VALUES ('B',to_date('5.9.2012', 'DD.MM.RR'),'10:11',4001,1,159,'Felix',11);
--Zeile 253
INSERT INTO TEMPABSATZ (FILIALE, DATUM, UHRZEIT, ARTIKEL, ANZAHL, PREIS, VERKAEUFER, KUNDE) VALUES ('B',to_date('5.9.2012', 'DD.MM.RR'),'10:12',1,1,999,'Felix',17);
--Zeile 254
INSERT INTO TEMPABSATZ (FILIALE, DATUM, UHRZEIT, ARTIKEL, ANZAHL, PREIS, VERKAEUFER, KUNDE) VALUES ('B',to_date('5.9.2012', 'DD.MM.RR'),'10:21',4001,5,199,'Felix',NULL);
--Zeile 255
INSERT INTO TEMPABSATZ (FILIALE, DATUM, UHRZEIT, ARTIKEL, ANZAHL, PREIS, VERKAEUFER, KUNDE) VALUES ('B',to_date('5.9.2012', 'DD.MM.RR'),'11:12',2147,5,649,'Julia',18);
--Zeile 256
INSERT INTO TEMPABSATZ (FILIALE, DATUM, UHRZEIT, ARTIKEL, ANZAHL, PREIS, VERKAEUFER, KUNDE) VALUES ('B',to_date('5.9.2012', 'DD.MM.RR'),'11:12',4001,1,149,'Julia',18);
--Zeile 257
INSERT INTO TEMPABSATZ (FILIALE, DATUM, UHRZEIT, ARTIKEL, ANZAHL, PREIS, VERKAEUFER, KUNDE) VALUES ('B',to_date('5.9.2012', 'DD.MM.RR'),'11:21',4001,2,199,'Julia',19);
--Zeile 258
INSERT INTO TEMPABSATZ (FILIALE, DATUM, UHRZEIT, ARTIKEL, ANZAHL, PREIS, VERKAEUFER, KUNDE) VALUES ('B',to_date('5.9.2012', 'DD.MM.RR'),'11:47',2,1,399,'Julia',NULL);
--Zeile 259
INSERT INTO TEMPABSATZ (FILIALE, DATUM, UHRZEIT, ARTIKEL, ANZAHL, PREIS, VERKAEUFER, KUNDE) VALUES ('B',to_date('5.9.2012', 'DD.MM.RR'),'11:47',2001,1,149,'Julia',NULL);
--Zeile 260
INSERT INTO TEMPABSATZ (FILIALE, DATUM, UHRZEIT, ARTIKEL, ANZAHL, PREIS, VERKAEUFER, KUNDE) VALUES ('B',to_date('5.9.2012', 'DD.MM.RR'),'11:49',2007,1,249,'Julia',NULL);
--Zeile 261
INSERT INTO TEMPABSATZ (FILIALE, DATUM, UHRZEIT, ARTIKEL, ANZAHL, PREIS, VERKAEUFER, KUNDE) VALUES ('B',to_date('5.9.2012', 'DD.MM.RR'),'11:51',2147,1,249,'Julia',NULL);
--Zeile 262
INSERT INTO TEMPABSATZ (FILIALE, DATUM, UHRZEIT, ARTIKEL, ANZAHL, PREIS, VERKAEUFER, KUNDE) VALUES ('B',to_date('5.9.2012', 'DD.MM.RR'),'11:51',2147,1,249,'Julia',NULL);
--Zeile 263
INSERT INTO TEMPABSATZ (FILIALE, DATUM, UHRZEIT, ARTIKEL, ANZAHL, PREIS, VERKAEUFER, KUNDE) VALUES ('B',to_date('5.9.2012', 'DD.MM.RR'),'12:01',2147,1,249,'Julia',NULL);
--Zeile 264
INSERT INTO TEMPABSATZ (FILIALE, DATUM, UHRZEIT, ARTIKEL, ANZAHL, PREIS, VERKAEUFER, KUNDE) VALUES ('B',to_date('5.9.2012', 'DD.MM.RR'),'12:06',2147,1,249,'Julia',NULL);
--Zeile 265
INSERT INTO TEMPABSATZ (FILIALE, DATUM, UHRZEIT, ARTIKEL, ANZAHL, PREIS, VERKAEUFER, KUNDE) VALUES ('A',to_date('5.9.2012', 'DD.MM.RR'),'12:06',1,1,999,'Carlo',NULL);
--Zeile 266
INSERT INTO TEMPABSATZ (FILIALE, DATUM, UHRZEIT, ARTIKEL, ANZAHL, PREIS, VERKAEUFER, KUNDE) VALUES ('A',to_date('5.9.2012', 'DD.MM.RR'),'12:07',2001,5,149,'Carlo',NULL);
--Zeile 267
INSERT INTO TEMPABSATZ (FILIALE, DATUM, UHRZEIT, ARTIKEL, ANZAHL, PREIS, VERKAEUFER, KUNDE) VALUES ('A',to_date('5.9.2012', 'DD.MM.RR'),'12:08',2001,5,149,'Carlo',NULL);
--Zeile 268
INSERT INTO TEMPABSATZ (FILIALE, DATUM, UHRZEIT, ARTIKEL, ANZAHL, PREIS, VERKAEUFER, KUNDE) VALUES ('A',to_date('5.9.2012', 'DD.MM.RR'),'12:10',1,1,999,'Katharina',NULL);
--Zeile 269
INSERT INTO TEMPABSATZ (FILIALE, DATUM, UHRZEIT, ARTIKEL, ANZAHL, PREIS, VERKAEUFER, KUNDE) VALUES ('A',to_date('5.9.2012', 'DD.MM.RR'),'12:30',4001,2,199,'Katharina',13);
--Zeile 270
INSERT INTO TEMPABSATZ (FILIALE, DATUM, UHRZEIT, ARTIKEL, ANZAHL, PREIS, VERKAEUFER, KUNDE) VALUES ('A',to_date('5.9.2012', 'DD.MM.RR'),'12:35',2147,5,629,'Katharina',NULL);
--Zeile 271
INSERT INTO TEMPABSATZ (FILIALE, DATUM, UHRZEIT, ARTIKEL, ANZAHL, PREIS, VERKAEUFER, KUNDE) VALUES ('B',to_date('1.10.2012', 'DD.MM.RR'),'11:51',2147,2,249,'Julia',NULL);
--Zeile 272
INSERT INTO TEMPABSATZ (FILIALE, DATUM, UHRZEIT, ARTIKEL, ANZAHL, PREIS, VERKAEUFER, KUNDE) VALUES ('B',to_date('1.10.2012', 'DD.MM.RR'),'12:51',2147,2,249,'Julia',NULL);
--Zeile 273
INSERT INTO TEMPABSATZ (FILIALE, DATUM, UHRZEIT, ARTIKEL, ANZAHL, PREIS, VERKAEUFER, KUNDE) VALUES ('B',to_date('1.10.2012', 'DD.MM.RR'),'11:01',2147,2,249,'Felix',NULL);
--Zeile 274
INSERT INTO TEMPABSATZ (FILIALE, DATUM, UHRZEIT, ARTIKEL, ANZAHL, PREIS, VERKAEUFER, KUNDE) VALUES ('B',to_date('1.10.2012', 'DD.MM.RR'),'11:06',2147,1,249,'Felix',NULL);
--Zeile 275
INSERT INTO TEMPABSATZ (FILIALE, DATUM, UHRZEIT, ARTIKEL, ANZAHL, PREIS, VERKAEUFER, KUNDE) VALUES ('A',to_date('1.10.2012', 'DD.MM.RR'),'17:06',1,2,999,'Carlo',NULL);
--Zeile 276
INSERT INTO TEMPABSATZ (FILIALE, DATUM, UHRZEIT, ARTIKEL, ANZAHL, PREIS, VERKAEUFER, KUNDE) VALUES ('A',to_date('1.10.2012', 'DD.MM.RR'),'14:07',2001,10,149,'Carlo',NULL);
--Zeile 277
INSERT INTO TEMPABSATZ (FILIALE, DATUM, UHRZEIT, ARTIKEL, ANZAHL, PREIS, VERKAEUFER, KUNDE) VALUES ('A',to_date('1.10.2012', 'DD.MM.RR'),'16:08',2001,3,149,'Carlo',NULL);
--Zeile 278
INSERT INTO TEMPABSATZ (FILIALE, DATUM, UHRZEIT, ARTIKEL, ANZAHL, PREIS, VERKAEUFER, KUNDE) VALUES ('A',to_date('1.10.2012', 'DD.MM.RR'),'16:10',1,2,999,'Katharina',NULL);

